id	custom1	custom2	custom3	title	rarity
104001	107001	0	0	ゲスト  	1
104002	107002	0	107111	ＷＡＣＣＡ  はじめました	1
104003	107003	107222	107112	ウェルカム トゥ ワッカ！	1
104004	107005	0	107113	準備  満タンです	3
104005	107004	0	107114	マルチプレイ  誘ってください	1
104006	107313	107159	107314	ＳＳ以上 が マジのクリア	3
104007	107315	107190	107316	ＳＳＳ しか 認めない	3
104009	107319	0	107320	永久  機関	4
104011	107323	0	107324	君ワッカ  うまいねぇ	3
104012	107325	107158	107326	初めて の フルコンボ	2
104013	107327	0	107328	もうちょい  あと一歩	1
104014	107329	107163	107330	私のレベル は …１０だ！	1
104015	107007	0	107124	ボカロ  愛好家	2
104016	107010	0	107115	アニソン  オタク	2
104017	107008	0	107116	２．５次元  大好き	2
104018	107023	0	107117	ハードコア  タノシー	2
104019	107007	0	107125	ボカロ  マイスター	2
104020	107331	107157	107332	十分 に 強い	4
104021	107011	107158	107127	俺たち の 舞台！	2
104022	107012	0	107128	ＲＥＤＡＬｉＣＥ  ファン	2
104023	107013	0	107223	ｔ＋ｐａｚｏｌｉｔｅ  ファミリー	2
104024	107014	0	107224	ＵＳＡＯ  兄貴	2
104025	107015	107163	107225	Ｐ＊Ｌｉｇｈｔ は 家族	2
104026	107016	107163	107226	ＤＪ　Ｇｅｎｋｉ は 仲間	2
104027	107017	0	107227	ＤＪ　Ｎｏｒｉｋｅｎ  軍団	2
104028	107018	0	107228	ＭＮＫ  メンバー	2
104029	107019	0	107229	ＤＪ　Ｍｙｏｓｕｋｅ  兄弟	2
104030	107020	0	107230	Ｋｏｂａｒｙｏ  推し	2
104031	107021	107163	107231	ａｒａｎ は ダチ	2
104032	107022	0	107232	源屋  フレンズ	2
104035	107025	0	107233	Ｓｒａｖ３Ｒ  先生	2
104036	107026	0	107234	Ｇｅｔｔｙ  家	2
104037	107027	0	107235	Ｌａｕｒ  信者	2
104038	107009	0	107126	ＰＯＰ  プレイヤー	2
104049	107118	107157	107236	強いやつ に 会いに来た	1
104050	107029	0	107130	平和  主義者	1
104051	107030	107237	107131	この体 にも なじんできた	1
104052	107031	107238	107132	ボク ちょっと 強いかも	1
104053	107032	107163	107239	素人 は 黙っとれ	1
104054	107033	107163	107240	俺たちの戦い は 始まったばかりだ	2
104055	107034	0	107134	アクセサリー  マニア	2
104056	107035	0	107135	スピード  狂	2
104057	107036	0	107136	飽きるまで  粘着	2
104058	107037	0	107137	早よ  決めて	1
104059	107038	0	107138	くぅ～  疲れましたｗ	3
104061	107040	107159	107140	「Ｓ」以上 が ホントのクリア	2
104062	107041	107158	107141	精度 の 鬼	4
104064	107043	107242	107024	ヾ(ﾟДﾟ)ノ ＜ ハードコアタノシー	3
104069	107046	0	107244	お年  玉！！	1
104070	107047	0	107245	お豆  まき	1
104071	107048	107246	107247	チョコ など いらん！	1
104072	107248	0	107249	ひな  祭り	1
104073	107049	107449	107250	うそはうそであると見抜ける人でないと (WACCAを使うのは) 難しい	1
104074	107050	0	107251	ゴールド  ラッシュ	1
104075	107051	0	107252	七夕  （笑）	1
104076	107052	0	107253	百鬼  夜行	1
104077	107053	107163	107254	クリスマス は 予定なし	1
104078	107054	107255	107256	北海道 といえば じゃがいも	1
104079	107055	107255	107257	青森県 といえば りんご	1
104080	107056	107255	107258	岩手県 といえば わんこそば	1
104081	107057	107255	107259	宮城県 といえば 牛タン	1
104082	107058	107255	107260	秋田県 といえば きりたんぽ	1
104083	107059	107255	107261	山形県 といえば いも煮	1
104084	107060	107255	107262	福島県 といえば ズワイガニ	1
104085	107061	107255	107263	茨城県 といえば 納豆	1
104086	107062	107255	107264	栃木県 といえば ギョウザ	1
104087	107063	107255	107265	群馬県 といえば こんにゃく	1
104088	107064	107255	107266	埼玉県 といえば ネギ	1
104089	107065	107255	107267	千葉県 といえば ピーナッツ	1
104090	107066	107255	107268	東京都 といえば もんじゃ	1
104091	107067	107255	107269	神奈川県 といえば かまぼこ	1
104092	107068	107255	107270	新潟県 といえば こしひかり	1
104093	107069	107255	107271	富山県 といえば 白エビ	1
104094	107070	107255	107272	石川県 といえば 寒ブリ	1
104095	107071	107255	107273	福井県 といえば 水ようかん	1
104096	107072	107255	107274	山梨県 といえば ほうとう	1
104097	107073	107255	107275	長野県 といえば 信州そば	1
104098	107074	107255	107276	岐阜県 といえば 赤かぶ	1
104099	107075	107255	107277	静岡県 といえば お茶	1
104100	107076	107255	107278	愛知県 といえば 味噌カツ	1
104101	107077	107255	107279	三重県 といえば 伊勢海老	1
104102	107078	107255	107280	滋賀県 といえば 鮒寿司	1
104103	107079	107255	107281	京都府 といえば 八つ橋	1
104104	107080	107255	107282	大阪府 といえば たこやき	1
104105	107081	107255	107283	兵庫県 といえば 神戸牛	1
104106	107082	107255	107284	奈良県 といえば 奈良漬け	1
104107	107083	107255	107285	和歌山県 といえば はっさく	1
104108	107084	107255	107286	鳥取県 といえば 梨	1
104109	107085	107255	107287	島根県 といえば 出雲そば	1
104110	107086	107255	107288	岡山県 といえば きびだんご	1
104111	107087	107255	107289	広島県 といえば 尾道ラーメン	1
104112	107088	107255	107290	山口県 といえば レンコン	1
104113	107089	107255	107291	徳島県 といえば すだち	1
104114	107090	107255	107292	香川県 といえば うどん	1
104115	107091	107255	107293	愛媛県 といえば みかん	1
104116	107092	107255	107294	高知県 といえば かつお節	1
104117	107093	107255	107295	福岡県 といえば 博多ラーメン	1
104118	107094	107255	107296	佐賀県 といえば 海苔	1
104119	107095	107255	107297	長崎県 といえば ちゃんぽん	1
104120	107096	107255	107298	熊本県 といえば 赤なす	1
104121	107097	107255	107299	大分県 といえば かぼちゃ	1
104122	107098	107255	107300	宮崎県 といえば マンゴー	1
104123	107099	107255	107301	鹿児島県 といえば さつまあげ	1
104124	107100	107255	107302	沖縄県 といえば ルートビア	1
104125	107101	0	107303	北海道  君主！	1
104126	107102	0	107304	東北  王子！	3
104127	107103	0	107305	関東  制覇！	3
104128	107104	0	107306	中部  討伐！	3
104129	107105	0	107307	近畿  大名！	3
104130	107106	0	107308	中国  覇者！	3
104131	107107	0	107309	四国  魔王！	3
104132	107108	0	107310	九州  帝王！	3
104133	107109	0	107311	沖縄  統一！	1
104134	107110	0	107312	全クリ  しました	4
104135	107164	0	107166	ついに  始まる…	2
104136	107165	107168	107167	サントラ には 目がない	2
104137	107333	0	0	アビバビジャッパ  	2
104138	107334	107335	107336	君 とならば Ever…	1
104139	107337	0	107338	一本  デカい！	1
104140	107339	0	107340	世界、滲ますな！  滲まんのかーい！	1
104141	107341	107342	107343	アモアモ アモアモ アアモオジィｫﾞｵﾞｨ	2
104142	107344	107158	107345	これがタノシー の やり方か～	3
104143	107346	107163	107347	タノシー は いいぞ	1
104144	107348	107158	107349	幻想郷 の 住人	1
104145	107350	0	107351	円を描く  程度の能力	2
104146	107352	107353	107354	インテリジェント な スーパーＡＩ	1
104147	107355	107356	107357	すごい。 これぞ シンギュラリティ。	2
104148	107358	0	107359	走るんだよ！！  おじじ！！	3
104149	107360	0	107373	WACCA S ステージI  クリア！	1
104150	107361	0	107373	WACCA S ステージII  クリア！	1
104151	107362	0	107373	WACCA S ステージIII  クリア！	1
104152	107363	0	107373	WACCA S ステージIV  クリア！	1
104153	107364	0	107373	WACCA S ステージV  クリア！	2
104154	107365	0	107373	WACCA S ステージVI  クリア！	2
104155	107366	0	107373	WACCA S ステージVII  クリア！	2
104156	107367	0	107373	WACCA S ステージVIII  クリア！	2
104157	107368	0	107373	WACCA S ステージIX  クリア！	3
104158	107369	0	107373	WACCA S ステージX  クリア！	3
104159	107370	0	107373	WACCA S ステージXI  クリア！	3
104160	107371	0	107373	WACCA S ステージXII  クリア！	3
104161	107372	0	107373	WACCA S ステージXIII  クリア！	4
104162	107374	0	107111	ＷＡＣＣＡ　Ｓ  はじめました	1
104163	107375	107414	107376	オープン ザ ゲート	1
104164	107377	107241	107378	今日 も 今日とて	1
104165	107379	107163	107380	初陣 は 大成功	1
104166	107381	107163	107382	おれたちの戦い は これからだ！	2
104167	107383	0	107384	ネクスト  ステージ	2
104168	107385	0	107386	ワッカ  エス	2
104169	107385	0	107387	ワッカ  サバイバー	2
104170	107385	107163	107388	ワッカ は スピリッツ	2
104171	107385	0	107389	ワッカ  シンドローム	2
104172	107390	0	107391	スーパー  スター	2
104173	107392	0	107393	エスプレッソ  マシン	2
104174	107002	0	107394	ＷＡＣＣＡ  ガチ勢	2
104175	107395	107159	107396	わし が 育てた	2
104176	107397	107159	107398	ココロ が シンクロする	2
104177	107399	0	107400	Let You  ダイブ！	2
104178	107002	0	107401	ＷＡＣＣＡ  依存症	2
104179	107402	107163	107403	わたしのＷＰ は ９９９９です	2
104180	107404	0	107405	すべて  ＷＡＣＣＡ！	2
104181	107406	107415	107407	最 ｔｈｅ 高	2
104182	107408	107416	107409	真の姿 を お見せしよう	2
104183	107410	107159	107411	宇宙の法則 が 乱れる！	2
104184	107412	107417	107413	最深部 へ ようこそ	2
104186	107420	0	107421	限界  突破	4
104187	107422	107423	107126	伝説の ＷＡＣＣＡ プレイヤー	4
104188	107002	0	107424	ＷＡＣＣＡ  MASTER	4
104189	107425	107163	107426	そらとも は 止まらねぇぞ♪	2
104190	107427	0	107428	共に創る  開拓者	2
104191	107429	0	107430	走り続ける  物語	2
104192	107431	0	107230	ホロライブ  推し	3
104193	107432	0	107351	奇跡を起こす  程度の能力	2
104194	107433	107434	107435	祀られる 風の 人間	2
104195	107436	0	107437	S+級  カレー	2
104196	107438	107439	107440	I ♥ グルコス	2
104197	107441	107158	107442	烈風 の 守護龍	3
104198	107443	107448	107445	Starlight Road (半角スペース) King	3
104199	107444	0	107233	鼓動  先生	3
104200	107446	107448	107447	BUCHiGiRE (半角スペース) God	4
104201	107450	107353	107451	不器用 な ドS担当	2
104202	107452	0	107453	生粋ゲーマー  ツンデレ担当	2
104203	107454	0	107455	キッズアニメファン  妹担当	2
104204	107456	0	107457	妄想暴走  お姉さん担当	2
104205	107458	0	107459	男の娘  アイドル担当	2
104206	107460	107353	107461	興奮しがち な 店長	2
104207	107462	0	107463	ガチツンデレ  キッチン担当	2
104208	107464	107158	107465	銀髪 の 堕天使	2
104209	107002	107161	107466	ＷＡＣＣＡ 以外 完璧な男	2
104210	107467	0	107468	天使  光輪	2
204001	207001	0	107373	WACCA Lily ステージI  クリア！	1
204002	207002	0	107373	WACCA Lily ステージII  クリア！	1
204003	207003	0	107373	WACCA Lily ステージIII  クリア！	1
204004	207004	0	107373	WACCA Lily ステージIV  クリア！	1
204005	207005	0	107373	WACCA Lily ステージV  クリア！	2
204006	207006	0	107373	WACCA Lily ステージVI  クリア！	2
204007	207007	0	107373	WACCA Lily ステージVII  クリア！	2
204008	207008	0	107373	WACCA Lily ステージVIII  クリア！	2
204009	207009	0	107373	WACCA Lily ステージIX  クリア！	3
204010	207010	0	107373	WACCA Lily ステージX  クリア！	3
204011	207011	0	107373	WACCA Lily ステージXI  クリア！	3
204012	207012	0	107373	WACCA Lily ステージXII  クリア！	3
204013	207013	0	107373	WACCA Lily ステージXIII  クリア！	4
204014	207014	0	107373	WACCA Lily ステージXIV  クリア！	4
204015	207015	0	107111	WACCA Lily  はじめました	1
204016	207016	107241	207017	千里の道 も 一歩から	1
204017	207018	0	207019	疾風  怒濤	1
204018	207020	0	207021	不撓  不屈	1
204019	107002	0	207022	ＷＡＣＣＡ  解禁勢	2
204020	107002	107163	207023	ＷＡＣＣＡ は 遊びじゃないんだよ！！	2
204021	107002	107159	207024	ＷＡＣＣＡ が 生き甲斐	2
204022	207025	0	107376	フロンティア  ゲート	2
204023	107002	107158	207026	ＷＡＣＣＡ の 申し子	2
204024	107385	0	207027	ワッカ  リリィ	2
204025	107385	0	207028	ワッカ  ストロンガー	2
204026	107376	107158	207029	ゲート の 覇者	2
204027	207030	0	207031	考えるな  感じろ	2
204028	207032	0	207033	今の俺  強すぎるよ	3
204029	207037	107163	207038	継続 は 力なり	3
204030	207039	0	207040	まだだ！  まだ終わっていない！！	3
204034	107039	107158	207043	地獄 の 支配者	4
204035	207044	0	207052	WACCA Lily 紺レート  達成！	1
204036	207045	0	207052	WACCA Lily 黄レート  達成！	1
204037	207046	0	207052	WACCA Lily 赤レート  達成！	2
204038	207047	0	207052	WACCA Lily 紫レート  達成！	2
204039	207048	0	207052	WACCA Lily 青レート  達成！	3
204040	207049	0	207052	WACCA Lily 銀レート  達成！	3
204041	207050	0	207052	WACCA Lily 金レート  達成！	3
204042	207051	0	207052	WACCA Lily 虹レート  達成！	4
204043	207053	107158	207054	赤 の 独壇場	1
204044	207055	107156	207056	青 から 逃げろ	1
204045	207057	207058	107328	黄 0 あと一歩	1
204046	207059	0	107330	灰色  …１０だ！	1
204047	207060	107159	207061	闇 が 消えない！	1
204048	207062	0	107347	神曲  いいぞ	1
204049	207063	207064	207065	良曲 で いこう	1
204050	107292	107158	207066	うどん の 冬	1
204051	207067	107168	207068	ラーメン には 春	1
204052	207069	107163	207070	冷やし中華 は 夏	1
204053	207071	107158	207072	そば の 秋	1
204054	207073	0	207074	インターネット  つながりました！	1
204055	207075	107353	207076	元気 な おじさん	1
204056	207077	207064	207078	デジタル で お絵描きマン	1
204057	107346	0	107394	タノシー  ガチ勢	1
204058	107002	0	207079	ＷＡＣＣＡ  ﾁｮｯﾄﾃﾞｷﾙ	1
204059	207080	107156	207081	1桁 から 3桁	1
204060	207082	107163	207083	公式スタンプ は 40種類	1
204061	107002	107423	207084	ＷＡＣＣＡ ＷＡＣＣＡ しますね	1
204062	207085	107163	207086	お前 は 俺か	1
204063	207087	107416	207088	Good を 消す方法	1
204064	207089	207090	207091	Great ・・・ 深いな	1
204065	207092	0	207093	Miss  消えるのか？	1
204066	207094	0	207095	Marvelous  ！	1
204067	207096	0	207097	スマホでも  弄ってるわけ？	1
204068	207098	107163	107002	明日 は ＷＡＣＣＡ	1
204069	207099	0	207100	わざと  やってんの?	1
204070	207101	207102	207103	I'm  with  U	1
204071	207104	107448	207105	Let's (半角スペース) Dive…	1
204072	207106	107157	207107	歴史 に 学ぶ	1
204073	207108	0	207109	レバニラ  好き？	1
204074	207110	0	207111	焼肉  定食	1
204075	107002	0	207112	ＷＡＣＣＡ  部	1
204076	207113	0	207114	おいしい  譜面	1
204077	207115	207116	207117	判定 -1 玄人	1
204078	107377	207058	207118	今日 0 AM	1
204079	207119	207120	107002	朝 1 ＷＡＣＣＡ	1
204080	107002	207121	207122	ＷＡＣＣＡ 2 you	1
204081	207123	207124	207125	Sun 3 産	1
204082	207126	0	207127	まだまだ  行けるよね？	1
204083	207128	107159	207129	カレーライス が 好き	1
204084	207130	0	207131	有象  無象	1
204085	207115	107159	207132	判定 が わからない	1
204086	207133	107158	207134	ゲーセン の 常連	1
204087	207135	107157	207136	ハピなる に な～る☆	1
204088	207137	107158	207138	ありがとう の かしこまっ！	1
204089	207139	207140	207141	キラッと☆ えもい 一輪花	1
204090	207142	207143	207144	リトル ・ ルーキー	2
204091	207145	207143	207146	ヘスティア ・ ファミリア	2
204092	207147	107353	207148	寡黙 な 剣姫	2
204093	107299	0	207149	かぼちゃ  パーティー	1
204094	207150	207151	207152	ぺーこ ぺこ ぺこ	2
204095	207153	0	0	野うさぎ同盟  	2
204096	207154	0	207155	エリート  巫女	2
204097	207156	0	0	35P  	2
204098	207157	0	207158	おはこんですよー  (^・ω・^§)ﾉ	2
204099	207159	0	0	すこん部  	2
204100	207160	107163	207161	すいちゃん は 今日もかわいいー！	2
204101	207162	0	0	星詠み  	2
204102	207163	107448	207164	Good Night<comma> (半角スペース) Bad God.	2
204103	207165	207166	207167	God  more  raves?	2
204104	207168	207169	207170	CHAIN  CHAIN  CHAIN GOD!!!	2
204105	207171	207172	207173	QiXiN  MAdN3ss  2153 God	4
204106	207174	107163	207175	チキン は 別腹	1
204107	207176	207143	207177	メメント ・ モチ	1
204108	107141	107163	207188	鬼 は そと	2
204109	207189	0	207190	何個  もらった？	2
204110	107248	0	207191	ひな  あられ	2
204111	207178	107158	207179	無限 の 空へ	3
204112	207180	0	207181	心理  解放	3
204113	207182	0	207183	愛くるしき  怪猫	3
204114	207184	107158	207185	憎悪 の 化身	3
204115	207186	107158	207187	宇宙 の 誕生	3
204116	207192	107160	207193	お姉さま と 一緒	2
204117	207194	107159	207129	わたしはあなた が 好き	2
204118	207195	107158	207196	人気DJ の 学園生活	2
204119	207197	107158	207198	花見 の はる	2
204120	207199	207200	207201	アツ い なつ	2
204121	207202	207200	207203	エモ い あき	2
204122	207204	107353	207205	クール な ふゆ	2
204123	207206	207207	207208	サイン コサイン タンジェント	2
204124	207209	207210	207211	大量の みかんの 箱	2
204125	207212	207213	207214	るくあんす is …？	2
204126	207215	0	207216	デッカイ  ノーツ	1
204127	207092	0	207217	Miss  滅するべし	1
204128	207218	107353	207219	偉大 な 先人	1
204129	207220	107162	207221	後発 でも 負けません！	1
204130	207222	207223	207224	許すな なんて 言えない	1
204131	207225	207064	207226	4時間 で 余裕でした	1
204132	207227	207228	207229	取る のではなく 取らせる	1
204133	207230	0	207231	1日  1譜面	1
204134	207232	207233	207234	LR これで いける	1
204135	207235	207236	207237	ポップ ステップ シュート！	1
204136	207238	207239	207240	デフォルトSE ？ 良くある	1
204137	207216	207241	207242	ノーツ 判定 経験が生きたな	1
204138	207216	207243	207244	ノーツ カラー いっぱい！	1
204139	207245	107163	207246	たまに は ステージアップ！	1
204140	207247	0	207248	高レート  憧れちゃうなー	1
204141	207249	207250	207251	解禁条件 ほう、 そんなのもあるのか	1
204142	207252	0	207253	ゲートミッション  忘れちゃうよね	1
204143	207254	0	207255	リサイクルボックス  ではない	1
204144	207256	207257	207258	これは 4 プレイで達成しました	1
204145	207259	207260	207261	難易度 5 ＋あるかもね	1
204146	207262	207263	207264	ステージアップ 6 いけそうです	1
204147	107011	0	207265	俺たち  ズッ友！	2
204148	207266	0	107111	WACCA Lily R  はじめました	2
204149	207267	107241	207268	今シーズン も 折り返し	2
204150	207269	207270	207271	走る 走る WACCAer	2
204151	207034	207035	207036	狂気の沙汰 ほど 面白い	3
204152	207272	0	207273	紛うことなき  廃人	3
204153	207274	0	107373	WACCA Lily R ステージI  クリア！	1
204154	207275	0	107373	WACCA Lily R ステージII  クリア！	1
204155	207276	0	107373	WACCA Lily R ステージIII  クリア！	1
204156	207277	0	107373	WACCA Lily R ステージIV  クリア！	1
204157	207278	0	107373	WACCA Lily R ステージV  クリア！	2
204158	207279	0	107373	WACCA Lily R ステージVI  クリア！	2
204159	207280	0	107373	WACCA Lily R ステージVII  クリア！	2
204160	207281	0	107373	WACCA Lily R ステージVIII  クリア！	2
204161	207282	0	107373	WACCA Lily R ステージIX  クリア！	3
204162	207283	0	107373	WACCA Lily R ステージX  クリア！	3
204163	207284	0	107373	WACCA Lily R ステージXI  クリア！	3
204164	207285	0	107373	WACCA Lily R ステージXII  クリア！	3
204165	207286	0	107373	WACCA Lily R ステージXIII  クリア！	4
204166	207287	0	107373	WACCA Lily R ステージXIV  クリア！	4
204167	207288	0	207052	WACCA Lily R 紺レート  達成！	1
204168	207289	0	207052	WACCA Lily R 黄レート  達成！	1
204169	207290	0	207052	WACCA Lily R 赤レート  達成！	2
204170	207291	0	207052	WACCA Lily R 紫レート  達成！	2
204171	207292	0	207052	WACCA Lily R 青レート  達成！	3
204172	207293	0	207052	WACCA Lily R 銀レート  達成！	3
204173	207294	0	207052	WACCA Lily R 金レート  達成！	3
204174	207295	0	207052	WACCA Lily R 虹レート  達成！	4
204175	207296	107158	207297	国立ノタリウム研究所 の トンネル	2
204176	207298	0	207299	果てしない  大空へ	2
204177	207300	207301	207302	神秘 との 邂逅	2
204178	207303	107158	207304	生命 の 音	2
204179	207305	0	0	なだめスかし Negotiation	4
204180	207306	0	0	非実在系女子たちはどうすりゃいいですか？	4
204182	207308	0	0	ホイホイ☆幻想ホロイズム	4
204183	207309	0	0	サクリファイス	4
204184	207310	0	0	sister's noise	4
204185	207311	0	0	ぺこみこ大戦争！！	4
204186	207312	0	0	Say!ファンファーレ!	4
204187	207313	0	0	NEXT COLOR PLANET	4
204188	207314	0	0	夢見る空へ	4
204189	207315	0	0	お願いマッスル	4
204190	207316	0	0	マッチョアネーム？	4
204191	207317	0	0	HELLO to DREAM	4
204192	207318	0	0	over and over	4
204193	207319	0	0	トロピカッ☆バケーション	4
204194	207320	0	0	秒針を噛む	4
204195	207321	0	0	ないものねだり	4
204196	207322	0	0	HOT LIMIT	4
204197	207323	0	0	キラメキライダー☆	4
204198	207324	0	0	ガヴリールドロップキック	4
204199	207325	0	0	This game	4
204200	207326	0	0	RAGE OF DUST	4
204201	207327	0	0	Make it！	4
204202	207328	0	0	Make it！ (DJ Genki Remix)	4
204203	207329	0	0	キラッとスタート	4
204204	207330	0	0	キラッとスタート (USAO Remix)	4
204205	207331	0	0	ハート♥イロ♥トリドリ〜ム	4
204206	207332	0	0	ダダダダ天使	4
204207	207333	0	0	青空のラプソディ	4
204208	207334	0	0	Bravely You	4
204209	207335	0	0	ぼなぺてぃーと♡S	4
204210	207336	0	0	デタラメなマイナスとプラスにおけるブレンド考	4
204211	207337	0	0	輪廻転生	4
204212	207338	0	0	ストライク・ザ・ブラッド	4
204213	207339	0	0	新宝島	4
204214	207340	0	0	U.S.A.	4
204215	207341	0	0	Shiny Smily Story	4
204216	207342	0	0	Dream☆Story	4
204217	207343	0	0	without U	4
204218	207344	0	0	シャルル	4
204219	207345	0	0	ドラマツルギー	4
204220	207346	0	0	オドループ	4
204221	207347	0	0	only my railgun	4
204222	207348	0	0	にめんせい☆ウラオモテライフ!	4
204223	207349	0	0	You Only Live Once	4
204224	207350	0	0	残酷な天使のテーゼ	4
204225	207351	0	0	ただ君に晴れ	4
204226	207352	0	0	The Light	4
204227	207353	0	0	AIAIAI (feat. 中田ヤスタカ)	4
204228	207354	0	0	Hello<comma> Morning	4
204229	207355	0	0	Raise Your Heart!!	4
204230	207356	0	0	SHINY DAYS	4
204231	207357	0	0	EXCITE	4
204232	207358	0	0	シュガーソングとビターステップ	4
204233	207359	0	0	ファティマ	4
204234	207360	0	0	回レ！雪月花	4
204235	207361	0	0	ピースサイン	4
204236	207362	0	0	徒花ネクロマンシー	4
204237	207363	0	0	ようこそジャパリパークへ	4
204238	207364	0	0	かくしん的☆めたまるふぉ～ぜっ!	4
204239	207365	0	0	POP TEAM EPIC	4
204240	207366	0	0	ファッとして桃源郷	4
204241	207367	0	0	Nameless Story	4
204242	207368	0	0	TOMORROW	4
204243	207369	0	0	五等分の気持ち	4
204244	207370	0	0	EZ DO DANCE -K.O.P. REMIX-	4
204245	207371	0	0	ギミチョコ!!	4
204246	207372	0	0	ウマーベラス	4
204247	207373	0	0	バレリーコ	4
204248	207374	0	0	フィクサー	4
204249	207375	0	0	だれかの心臓になれたなら	4
204250	207376	0	0	六兆年と一夜物語	4
204251	207377	0	0	テレキャスタービーボーイ	4
204252	207378	0	0	ワールドイズマイン	4
204253	207379	0	0	進捗どうですか！	4
204254	207380	0	0	ぼくらの16bit戦争	4
204255	207381	0	0	隔絶≡タナトス	4
204256	207382	0	0	アスノヨゾラ哨戒班	4
204257	207383	0	0	ヒビカセ	4
204258	207384	0	0	脳漿炸裂ガール	4
204259	207385	0	0	ポジティブ☆ダンスタイム	4
204260	207386	0	0	Gimme×Gimme feat. 初音ミク・鏡音リン	4
204261	207387	0	0	39みゅーじっく！	4
204262	207388	0	0	ブリキノダンス	4
204263	207389	0	0	チュルリラ・チュルリラ・ダッダッダ！	4
204264	207390	0	0	おばけのウケねらい	4
204265	207391	0	0	ベノム	4
204266	207392	0	0	リアル初音ミクの消失	4
204267	207393	0	0	セツナトリップ	4
204268	207394	0	0	カゲロウデイズ	4
204269	207395	0	0	天ノ弱	4
204270	207396	0	0	ゴーストルール	4
204271	207397	0	0	ロストワンの号哭	4
204272	207398	0	0	いーあるふぁんくらぶ	4
204273	207399	0	0	初音ミクの消失	4
204274	207400	0	0	劣等上等	4
204275	207401	0	0	アカリがやってきたぞっ	4
204276	207402	0	0	太陽系デスコ	4
204277	207403	0	0	気まぐれメルシィ feat. 初音ミク	4
204278	207404	0	0	幸せになれる隠しコマンドがあるらしい	4
204279	207405	0	0	千本桜	4
204280	207406	0	0	エイリアンエイリアン	4
204281	207407	0	0	砂の惑星 feat. 初音ミク	4
204282	207408	0	0	マトリョシカ	4
204283	207409	0	0	Seyana. ～何でも言うことを聞いてくれるアカネチャン～	4
204284	207410	0	0	フラジール	4
204285	207411	0	0	ロキ	4
204286	207412	0	0	ウミユリ海底譚	4
204287	207413	0	0	スクランブル交際	4
204288	207414	0	0	乙女解剖	4
204289	207415	0	0	Scream out!	4
204290	207416	0	0	Help me<comma> ERINNNNNN!!	4
204291	207417	0	0	進捗どうですか？	4
204292	207418	0	0	Sweet Requiem	4
204293	207419	0	0	明星ロケット	4
204294	207420	0	0	ゆけむり魂温泉 II	4
204295	207421	0	0	Calamity Fortune	4
204296	207422	0	0	ケロ⑨Destiny	4
204297	207423	0	0	風に乗せた願い	4
204298	207424	0	0	LOVE EAST	4
204299	207425	0	0	天狗の落とし文 feat. ytr	4
204300	207426	0	0	神寂	4
204301	207427	0	0	悪戯センセーション	4
204302	207428	0	0	ナイト・オブ・ナイツ (かめりあ’s“ワンス・アポン・ア・ナイト”Remix)	4
204303	207429	0	0	Mami Mami Zone	4
204304	207430	0	0	チルノのパーフェクトさんすう教室	4
204305	207431	0	0	待チ人ハ来ズ。	4
204306	207432	0	0	taboo tears you up 2017	4
204307	207433	0	0	Bad Apple!! feat. nomico	4
204308	207434	0	0	ナイト・オブ・ナイツ	4
204309	207435	0	0	WARNING×WARNING×WARNING	4
204310	207436	0	0	シャカリキ・ファイト・ブンブン	4
204311	207437	0	0	ニュー・ウェーブ	4
204312	207438	0	0	ガンガン・ドンドン	4
204313	207439	0	0	スマイル・アンド・ティアズ	4
204314	207440	0	0	STILL HOT IN MY HEART	4
204315	207441	0	0	Over the sweat and tears	4
204316	207442	0	0	Singin'☆Shine！	4
204317	207443	0	0	進捗WARS feat．ビートまりお	4
204318	207444	0	0	MAGENTA POTION	4
204319	207445	0	0	Apocalypse	4
204320	207446	0	0	You are the Miserable	4
204321	207447	0	0	Stasis	4
204322	207448	0	0	Rainmaker	4
204323	207449	0	0	Weg	4
204324	207450	0	0	From Zero feat. 利香	4
204325	207451	0	0	PRESS START!	4
204326	207452	0	0	TWISTSTEP	4
204327	207453	0	0	Future Cαndy	4
204328	207454	0	0	Fish Fight!	4
204329	207455	0	0	THERAPY	4
204330	207456	0	0	グルーヴ・ザ・ハート	4
204331	207457	0	0	Got more raves?	4
204332	207458	0	0	Good Night<comma> Bad Luck.	4
204333	207459	0	0	Grayed Out-Antifront-	4
204334	207460	0	0	インドア系ならトラックメイカー	4
204335	207461	0	0	ダンシング☆サムライ	4
204336	207462	0	0	WHITE	4
204337	207463	0	0	Brain Power	4
204338	207464	0	0	聖者の鼓動	4
204339	207465	0	0	BUCHiGiRE Berserker	4
204340	207466	0	0	君のStarlight Road	4
204341	207467	0	0	FUJIN Rumble	4
204342	207468	0	0	Eyes on me feat. Such	4
204343	207469	0	0	GOODWORLD	4
204344	207470	0	0	Altale	4
204345	207471	0	0	ベースラインやってる？笑	4
204346	207472	0	0	EU over Progress	4
204347	207473	0	0	燐廻	4
204348	207474	0	0	『エキセントリック少年ボウイ』のテーマ	4
204349	207475	0	0	Jägermeister	4
204350	207476	0	0	What's this?	4
204351	207477	0	0	FREEDOM DiVE↓	4
204352	207478	0	0	Honey Panic!	4
204353	207479	0	0	Pixel Galaxy	4
204354	207480	0	0	集結の華々	4
204355	207481	0	0	conflict	4
204356	207482	0	0	こんにちは、ARuFaです。	4
204357	207483	0	0	ぼくの夢、メチャクソ無限湧き	4
204358	207484	0	0	ゲームオーバー (feat. TORIENA)	4
204359	207485	0	0	ルーンファクトリー４スペシャルより「この想いを乗せて」	4
204360	207486	0	0	LIN NE KRO NE feat. Lasah	4
204361	207487	0	0	Lhaksha	4
204362	207488	0	0	フリーフォール	4
204363	207489	0	0	猫娘	4
204364	207490	0	0	QiXiN MAdN3ss 2153	4
204365	207491	0	0	ARTEMiS	4
204366	207492	0	0	with U	4
204367	207493	0	0	Tell Me	4
204368	207494	0	0	LETHAL;WEAPON	4
204369	207495	0	0	THE MUZZLE FACING	4
204370	207496	0	0	GASHATT	4
204371	207497	0	0	Demon's Rave	4
204372	207498	0	0	jacaranda	4
204373	207499	0	0	CHECKER FLAG	4
204374	207500	0	0	Stratoliner	4
204375	207501	0	0	Utopia feat. shully	4
204376	207502	0	0	Let you DIVE!	4
204377	207503	0	0	SHAKE!	4
204378	207504	0	0	ATAMA WARUI	4
204379	207505	0	0	Megaton Killer	4
204380	207506	0	0	DUAL BREAKER XX	4
204381	207507	0	0	Liberate	4
204382	207508	0	0	Animosity	4
204383	207509	0	0	Big Bang	4
204384	207510	0	0	恋メタル	4
204385	207511	0	0	はげしこの夜 -Psylent Crazy Night-	4
204386	207512	0	0	パニックポップ☆フェスティバル!!!	4
204387	207513	0	0	Stasis feat.motoko -WACCA EDiT- 	4
204388	207514	0	0	RAV#GIRL	4
204389	207515	0	0	KALACAKLA	4
204390	207516	0	0	Poppin' Shower	4
204391	207517	0	0	While Shining feat.Yukacco	4
204392	207518	0	0	ALiVE	4
204393	207519	0	0	ONOMATO Pairing!!!	4
204394	207520	0	0	SUPER REACTOR	4
204395	207521	0	0	GENOCIDER	4
204396	207522	0	0	ツアー・ファイナル	4
204397	207523	0	0	Metamorphose	4
204398	207524	0	0	MAGiC4LG1RL M3GA S7R1KE!	4
204399	207525	0	0	METEOR BURST	4
204400	207526	0	0	XTREME	4
204401	207527	0	0	天使光輪	4
204402	207528	0	0	Ultra Red	4
204403	207529	0	0	サイクルヒット	4
204404	207530	0	0	Strange Bar	4
204405	207531	0	0	Murasaki	4
204406	207532	0	0	Mazy Metroplex	4
204407	207533	0	0	LOSE CONTROL	4
204408	207534	0	0	†DOOF†SENC†	4
204409	207535	0	0	Shiny Memory feat.Yukacco	4
204410	207536	0	0	BLVST BEVT	4
204411	207537	0	0	JINGLE DEATH	4
204412	207538	0	0	Invisible Frenzy	4
204413	207539	0	0	VOX Diamond	4
204414	207540	0	0	Chariot	4
204415	207541	0	0	Akareram	4
204416	207542	0	0	Galaxy Friends	4
204417	207543	0	0	13 Donkeys	4
204418	207544	0	0	ADAM	4
204419	207545	0	0	ATARAX1A	4
204420	207546	0	0	HiGHER	4
204421	207547	0	0	Source of Creation	4
204422	207548	0	0	Exitium	4
204423	207549	0	0	Blaze	4
204424	207550	0	0	GRiDGALAXY	4
204425	207551	0	0	Jingle	4
204426	207552	0	0	BATTLE NO.1	4
204427	207553	0	0	LEVATEiN feat. 野宮あゆみ	4
204428	207554	0	0	BIG HEAD BANGING	4
204429	207555	0	0	Knight Rider	4
204430	207556	0	0	PARALLEL★PRISM	4
204431	207557	0	0	Rainbow Dream	4
204432	207558	0	0	Quon	4
204433	207559	0	0	Poseidon	4
204434	207560	0	0	HELL FLAME	4
204435	207561	0	0	Gate One	4
204436	207562	0	0	Over My Hand	4
204437	207563	0	0	Are You Ready	4
204438	207564	0	0	MEMORiZE	4
204439	207565	0	0	illanai-assorted	4
204440	207566	0	0	Sunshine	4
204441	207567	0	0	BOOM! BOOM!! BOOM!!!	4
204442	207568	0	0	Ever Free(Raw Edit)	4
204443	207569	0	0	Try again	4
204444	207570	0	0	BLUE SKY feat. 野宮あゆみ	4
204445	207571	0	0	Sound Chimera	4
204446	207572	0	0	Soldiers	4
204447	207573	0	0	Fight for the CORE feat. Daisuke	4
204448	207574	0	0	Shining Harmony	4
204449	207575	0	0	患部で止まってすぐ溶ける ～ 狂気の優曇華院	4
204450	207576	0	0	物凄い勢いでけーねが物凄いうた	4
204451	207577	0	0	PUPA	4
204452	207578	0	0	Destr0yer	4
204453	207579	0	0	もぺもぺ	4
204454	207580	0	0	Popping Happiness!	4
204455	207581	0	0	Madwing	4
204456	207582	0	0	TRICKL4SH 220	4
204457	207583	0	0	チルノは覚醒サマーデイズ！	4
204458	207584	0	0	エピクロスの虹はもう見えない	4
204459	207585	0	0	ARROW RAIN feat.ayame	4
204460	207586	0	0	四次元跳躍機関	4
204461	207587	0	0	Destructive Little Sister	4
204462	207588	0	107351	運命を操る 程度の能力	2
204463	207589	0	107351	ありとあらゆるものを破壊する 程度の能力	2
204464	207590	0	0	そーなのかー	2
204465	207591	207592	207593	ねぇねぇ 、 今どんな気持ち？	2
204466	207594	0	207595	連休 繋げるマン	2
204467	207596	0	0	LOVE!HUG!GROOVY!!	4
204468	207597	0	0	Dig Delight!	4
204469	207598	0	0	電乱★カウントダウン	4
204470	207599	0	0	Photon Melodies	4
204471	207600	0	0	ぐるぐるDJ TURN!!	4
204472	207601	0	0	やけにインザレイン feat. 小林私	4
204473	207602	0	0	Traveller	4
204474	207603	0	0	FLVSH OUT	4
204475	207604	0	0	BSCS	4
204479	207608	0	0	Night Club Junkie	4
204480	207609	0	0	Cauliflower	4
204481	207610	0	0	Purple Skies	4
204482	207611	0	0	Happy Around!	2
204483	207612	0	0	Peaky P-key	2
204484	207613	0	0	Photon Maiden	2
204485	207614	207615	207616	Dで 始まる 新世界	2
204486	207617	0	0	ソロモン・ナイト	4
204487	207618	0	0	cœur	4
204488	207619	0	0	私はNo 1！	4
204489	207620	0	0	Eternal Ending	4
204490	207621	0	0	Lost Illusion	4
204491	207622	0	0	EVE	4
204492	207623	0	0	eden	4
204493	207624	0	0	Silentphobia	4
204494	207625	0	0	さんさーら！	4
204495	207626	0	0	クロキッド	2
204496	207627	0	0	ヴィスカー	2
204497	207628	0	0	クラップ	2
204498	207629	0	0	蔵王重工	2
204499	207630	107158	207631	永遠 の 結末	3
204500	207632	0	207633	失われた 幻想	3
204501	207634	107158	207635	禁断 の 果実	3
204502	207636	0	0	理想郷	3
204503	207637	0	207638	畏怖なる 静寂	3
204504	207639	0	207640	笹 食え	2
204505	207641	107158	207642	2周年 の お祝い	2
304001	307001	0	0	Avant Raze	4
304002	307002	0	0	#1f1e33	4
304003	307003	0	0	Arcahv	4
304004	307004	0	0	最強STRONGER	4
304005	307005	0	0	Sheriruth (Laur Remix)	4
304006	307006	0	0	Let you DIVE! (nitro rmx)	4
304007	307007	0	0	うっせぇわ	4
304008	307008	0	0	Fam☆Fam☆Time!	4
304009	307009	0	0	KING	4
304010	307010	0	0	ダーリンダンス	4
304011	307011	0	0	サマータイムレコード	4
304012	307012	0	0	トリノコシティ	4
304013	307013	0	0	Crime Wave	4
304014	307014	0	0	Machinery of Avoid	4
304015	307015	0	0	Datamania (tpz Overheat Remix)	4
304016	307016	0	0	Ouvertüre	4
304017	307017	0	0	Love Kills U	4
304018	307018	0	0	超MANJIラッシュ	4
304019	307019	0	0	Kira☆Kira☆Night	4
304020	307020	0	0	YOG	4
304021	307021	0	0	Meta-Mysteria	4
304022	307022	0	0	透明声彩	4
304023	307023	0	0	Fly to NEW WORLD	4
304024	307024	0	0	叩ケ　叩ケ　手ェ叩ケ	4
304025	307025	0	307026	とんでもねぇ、  待ってたんだ。	2
304026	307027	0	307028	ものすごく  すごい	2
304027	307029	107221	307030	姉妹 からの ありがたいおことば	2
304028	307031	0	0	譜面作る人しか取れない配置	2
304029	307032	0	0	おじごろ	2
304030	307033	0	307034	食  神	1
304031	307035	0	307036	あいつ  ダイブ	1
304032	307037	107159	307038	ダイエット が 必要？	1
304033	307039	307040	307041	私の 音を 聞け！	1
304034	307042	107241	307043	ぼく も 入りたいです	1
304035	307044	0	307045	目覚める  食い気	1
304036	307046	0	307047	さあ  出かけよう	1
304037	307048	107163	307049	本当 は scary girl	1
304038	307050	0	207204	超  クール	1
304039	207206	0	307051	サイン  ください！	1
304040	307052	0	307053	何もないところで  なんでなんですか	1
304041	307054	307055	207214	… … …？	1
304042	307056	0	307057	成分  補給	1
304043	307058	0	307059	マフラー  トカゲ	1
304044	307060	207064	307061	筋肉 で 解決しよう	1
304045	107437	107157	307062	カレー に 操られている	1
304046	307063	107353	307064	大丈夫 な お肉	1
304047	307065	107163	307066	特技 は 音ゲーです。	1
304048	307067	0	307068	いつもより  多く？	1
304049	307069	0	307070	戦う  少年	1
304050	307071	0	307072	守る  少女	1
304051	307073	0	107373	WACCA Reverse ステージI  クリア！	1
304052	307074	0	107373	WACCA Reverse ステージII  クリア！	1
304053	307075	0	107373	WACCA Reverse ステージIII  クリア！	1
304054	307076	0	107373	WACCA Reverse ステージIV  クリア！	1
304055	307077	0	107373	WACCA Reverse ステージV  クリア！	2
304056	307078	0	107373	WACCA Reverse ステージVI  クリア！	2
304057	307079	0	107373	WACCA Reverse ステージVII  クリア！	2
304058	307080	0	107373	WACCA Reverse ステージVIII  クリア！	2
304059	307081	0	107373	WACCA Reverse ステージIX  クリア！	3
304060	307082	0	107373	WACCA Reverse ステージX  クリア！	3
304061	307083	0	107373	WACCA Reverse ステージXI  クリア！	3
304062	307084	0	107373	WACCA Reverse ステージXII  クリア！	3
304063	307085	0	107373	WACCA Reverse ステージXIII  クリア！	4
304064	307086	0	107373	WACCA Reverse ステージXIV  クリア！	4
304065	307087	0	207052	WACCA Reverse 紺レート  達成！	1
304066	307088	0	207052	WACCA Reverse 黄レート  達成！	1
304067	307089	0	207052	WACCA Reverse 赤レート  達成！	2
304068	307090	0	207052	WACCA Reverse 紫レート  達成！	2
304069	307091	0	207052	WACCA Reverse 青レート  達成！	3
304070	307092	0	207052	WACCA Reverse 銀レート  達成！	3
304071	307093	0	207052	WACCA Reverse 金レート  達成！	3
304072	307094	0	207052	WACCA Reverse 虹レート  達成！	4
304073	307095	307096	307097	精神と 時の アレ	3
304074	307098	107163	307099	背中 は 任せた	1
304075	307100	0	107111	WACCA Reverse  はじめました	2
304076	307101	107157	307102	逆 に 考えよう	2
304077	307103	107237	307104	円の中 にも 三年	2
304078	307105	0	307106	急がば  回せ	2
304079	307107	107168	307108	回す門 には 福来る	2
304080	307109	0	307110	輪に入っては  輪に従え	2
304081	307111	0	307112	一級  穴掘師	2
304082	107002	107157	307113	WACCA に 溺れる	2
304083	307114	0	307115	回せば  回すほど	2
304084	307116	0	307117	虹色  ドーナツ	2
304085	307118	107160	307119	表 と 裏	3
304086	307120	307121	107136	ハード コア 粘着	3
304087	307122	107353	307123	新た な 存在	3
304088	307124	0	307125	敵か  味方か	3
304089	307126	0	307127	ゾクゾク  するねぇ	3
304090	307128	107158	307129	激闘 の 末	3
304091	307130	107157	307131	強者 に 魅入られる	4
304092	307132	107157	307133	深淵 に 触れし者	4
304093	307134	107158	307135	光 の 奏でる調和	2
304094	207304	107159	307136	音 が 対立する	2
304095	107002	107416	307137	WACCA を 極めし者	4
304096	307138	0	307139	輪術  皆伝	4
304097	107002	0	307140	WACCA  元帥	4
304098	307141	107158	307142	修羅 の 猛進	4
304099	307143	0	307144	国士  無双	4
304100	307145	0	0	Break Through Myself feat. Risa Yuzuki	4
304101	307146	0	0	Chobit Flavor	4
304102	307147	0	0	D3LTA QOMPLEX	4
304103	307148	0	0	メニメニマニマニ	4
304104	307149	0	0	ちがう!!!	4
304105	307150	0	0	怪盗Fの台本（シナリオ）〜消えたダイヤの謎〜	4
304106	307151	0	0	おねがいダーリン	4
304107	307152	0	307153	頼もしい  仲間たち	2
304108	307154	107159	307155	お金 が ない	2
304109	307156	107159	307157	戦い が 一番	2
304110	307158	0	307159	あー  忙しい忙しい	2
304111	307101	0	307160	逆  ゼウス	2
304112	307161	0	0	助けてくれー	2
304113	307162	0	307163	ありえない  快感	2
304114	307164	107158	307165	ゴリゴリ の 縦社会	2
304115	307166	0	307054	Requiem  …	2
304116	307167	0	0	炉心融解	4
304117	307168	0	0	ワールズエンド・ダンスホール	4
304118	307169	0	0	∞(2018Remake)	4
304119	307170	0	0	Lights of Muse	4
304120	307171	0	0	The 90's Decision	4
304121	307172	0	0	粉骨砕身カジノゥ	4
304122	307173	0	0	恋のMoonlight	4
304123	307174	0	0	Comet Coaster	4
304124	307175	0	0	XODUS	4
304125	307176	0	307177	いたずら  すんぞ	2
304126	307178	0	0	闘神祭2021 予選出場！	4
304127	307179	0	0	闘神祭2021 決勝出場！	4
304128	307180	0	0	闘神 -2021-	4
304129	307181	0	0	ベーシスト	2
304130	307182	0	307072	不良  少女	2
304131	307183	0	307072	夢遊  少女	2
304132	307184	0	0	パイロット	2
304133	307185	0	0	ジョーカー	2
304134	307186	0	0	アイドル	2
304135	307187	0	0	バイオリニスト	2
304136	307188	0	0	メイド	2
304137	307189	107158	307190	黒衣 の 女王	2
304138	307191	0	0	花たちに希望を	4
304139	307192	0	0	NightTheater	4
304140	307193	0	0	ヒトガタ	4
304141	307194	0	0	DANGEROOOOUS JUNGLE	4
304142	307195	0	0	Dimension Hacker	4
304143	307196	0	0	EPHMR	4
304144	307197	0	0	クリムゾン帝王	4
304145	307198	0	0	メルト	4
304146	307199	0	0	天樂	4
304147	307200	0	0	吉原ラメント	4
304148	307201	0	0	アゲナゲン	4
304149	307202	0	0	ファムファタール	4
304150	307203	0	0	cloud Ⅸ	4
304151	307204	0	307205	いつになく  寒いな	2
304152	307206	307207	107293	こたつ de みかん	2
304153	307208	107163	307209	福 は うち	2
304154	307210	0	307211	そんなに  甘くない	2
304155	107248	0	307212	ひな  遊び	2
304156	307213	207064	307214	嘘 で あってくれ	2
304157	307215	107158	307216	五月病 の 元凶	2
304158	307217	107207	307218	願うだけ なら タダ	2
304159	307219	0	307123	儚き  存在	3
304160	307220	0	307221	危険  地帯	3
304161	307222	107158	307223	次元 の 超越者	3
304162	307224	107158	307225	深紅 の 帝王	3
304163	307226	0	0	CENSORED!!	4
304164	307227	0	0	Grip & Break down !!	4
304165	307228	0	0	神	4
304166	307229	0	0	Candy Star	4
304167	307230	0	0	Onigami	4
304168	307231	0	0	Invisible Frenzy (Camellia's "593: Insanely Fluctuated" Remix)	4
304169	307232	0	0	GENOCIDER (Kobaryo's FTN-Remix)	4
304170	307233	0	307234	このまま  最後まで！	3
304171	307235	107168	307236	姉さま には 近づけさせないから！	3
304172	307237	307238	307239	キミの 力を 見せてくれ！	3
304173	307240	0	307241	天下  無双	4
304174	307242	0	0	CENSORED!! ALL MARVELOUS!!	4
304175	307243	0	0	Grip & Break down !! ALL MARVELOUS!!	4
304176	307244	0	0	神 ALL MARVELOUS!!	4
304177	307245	0	0	Möbius	4
304178	307246	0	0	You & DIE	4
304179	307247	0	0	Reach My Voice	4
304180	307248	0	0	Ready Go feat. Yukacco	4
304181	307249	0	0	Big Daddy	4
304182	307250	0	0	N3XTAGE	4
304183	307251	0	0	NIGHTWAVE FRAGMENTS	4
304184	307252	0	0	GAKKY	4
304185	307253	0	0	SUPER EMULATOR	4
304186	307254	0	0	Brand New World feat. Yukacco	4
304187	307255	0	0	T+ VS SHARK	4
304188	307256	0	0	えくすとりーむ↑↑おんがくスクール feat. ななひら	4
304189	307257	0	0	Avenue	4
304190	307258	0	0	Middle	4
304191	307259	0	0	Obtain An Unused Whale In The Abstract Sea	4
304192	307260	0	0	EXTRA HARD	4
304193	307261	0	0	Odin	4
304194	307262	0	0	Viyella's Nightmare	4
304195	307263	0	0	1BPM	4
304196	307264	0	0	BPM=RT	4
304197	307265	0	0	最先端坊将軍3	4
304198	307266	0	0	We are the Massive New Krew (2020Edit)	4
304199	307267	0	0	To the sky -wacca edit- feat.motoko	4
304200	307268	0	0	Keep on Groovin' feat. mow*2	4
304201	307269	0	0	Crush Out	4
304202	307270	0	0	Everybody Say HARDCORE TANO*C	4
304203	307271	0	0	Scramble TANO*C	4
304204	307272	0	0	DIVE with Ü	4
